{"type": "block", "layer": 0, "block": 0, "features": [{"geom": {"lines": [[-363.6609003189951, 435.0741381342523, 0.0, -358.1283216252923, 430.1479582521133, 0.0, -353.87591707520187, 425.14807158894837, 0.0, -349.84615151025355, 420.3693116833456, 0.0, -347.68655339069664, 415.8239630507305, 0.0, -346.1837402638048, 408.6496858331375, 0.0, -346.1169485691935, 401.7088215672411, 0.0, -346.70694186910987, 395.8121606307104, 0.0, -348.49918567202985, 389.09242691565305, 0.0, -350.514068454504, 385.4315860411152, 0.0, -357.1598420534283, 378.2696079756133, 0.0]]}, "mtl": 0}, {"geom": {"lines": [[-354.77760495245457, 376.2549183610827, 0.0, -349.5455888863653, 381.3284969907254, 0.0, -345.21526069380343, 387.2988604702987, 0.0, -342.83302359096706, 395.51732764346525, 0.0, -342.5324609633535, 404.62029875582084, 0.0, -343.57886418141425, 414.47264345083386, 0.0, -346.5622265320271, 421.4872219627723, 0.0, -351.33783268556, 428.2069701128639, 0.0, -357.3156893439591, 433.7351015484892, 0.0]]}, "mtl": 0}, {"geom": {"lines": [[121.46944055892527, 27.2508582030423, 0.0, 124.07431664504111, 30.08855664357543, 0.0, 126.69032467901707, 33.368494467344135, 0.0, 127.88144323043525, 37.85230575548485, 0.0, 127.73672788962722, 41.16909852484241, 0.0, 125.49920612387359, 44.8667091014795, 0.0, 121.69207954220474, 48.07294359104708, 0.0, 116.83854974247515, 49.49793691607192, 0.0, 111.16125571168959, 49.3505238071084, 0.0, 104.893968379125, 48.380054210312665, 0.0, 104.00341245532036, 44.264772433787584, 0.0]]}, "mtl": 0}, {"geom": {"lines": [[-277.49241361394525, -1099.9580429610796, 0.0, -284.0006727054715, -1083.9802970495075, 0.0, -306.1977791711688, -1034.4162818663754, 0.0, -326.624905731529, -1034.7233704417013, 0.0, -329.6305319815874, -1033.3721806630492, 0.0, -332.0239010360092, -1029.0238054613583, 0.0, -333.10370009578764, -1019.4794860072434, 0.0, -332.4357831515372, -1013.6202289885841, 0.0, -331.13334510847926, -1007.2941942219622, 0.0, -331.13334510847926, -1000.5505154049024, 0.0, -331.91258154436946, -994.2858930383809, 0.0, -388.64099405147135, -881.1414519152604, 0.0, -419.75479172728956, -793.6200639824383, 0.0, -422.1370288338512, -783.4491244954988, 0.0, -421.31326459906995, -770.3423602390103, 0.0, -418.60820097103715, -760.2205401244573, 0.0, -413.0088305864483, -742.5933250491507, 0.0, -414.4671159144491, -731.3905128468759, 0.0, -417.1610475946218, -725.4820087631233, 0.0, -421.00157002545893, -717.5466753123328, 0.0, -421.31326459906995, -715.1636177017353, 0.0, -420.57855595834553, -710.0289871394634, 0.0, -420.22233358956873, -706.7123588141985, 0.0, -421.2019451074302, -703.8133793841116, 0.0, -487.2589309476316, -597.2017955048941, 0.0, -564.2140949331224, -465.71436611842364, 0.0, -566.4961444903165, -460.7393427840434, 0.0, -598.6340814828873, -411.9963113288395, 0.0, -640.7462448514998, -365.42740608006716, 0.0, -658.8913218509406, -349.97401561774313, 0.0, -734.2768810167909, -290.248600944411, 0.0, -924.1545364614576, -140.393521707505, 0.0, -1099.958042960614, -3.5102308951318264, 0.0], [-1099.958042960614, 9.980259750969708, 0.0, -1028.3829756919295, 78.30494292406365, 0.0, -969.3725136239082, 137.0001557059586, 0.0, -972.1777647919953, 139.911581792403, 0.0, -997.5808725878596, 167.39203207520768, 0.0, -999.9631096944213, 170.70885333232582, 0.0, -1000.7980058733374, 174.02567531820387, 0.0, -1000.2748042661697, 176.7282715504989, 0.0, -998.927838427946, 178.6937963864766, 0.0, -979.2242885567248, 196.2729705334641, 0.0, -977.1537460293621, 199.22126170573756, 0.0, -976.3188498467207, 203.1646020486951, 0.0, -964.6080394163728, 312.8906103852205, 0.0, -963.8288029804826, 318.6889617391862, 0.0, -962.5263649392873, 321.4898610734381, 0.0, -959.8324332609773, 324.6593004204333, 0.0, -958.4854674227536, 326.78454500669613, 0.0, -957.5281198006123, 329.8557082330808, 0.0]]}, "mtl": 0}, {"geom": {"lines": [[-138.30572315678, -512.7743204906583, 0.0, -134.26482564024627, -501.87843704177067, 0.0, -134.26482564024627, -497.6896003857255, 0.0, -135.6117914803326, -493.2182309413329, 0.0, -143.2260446473956, -489.48389940103516, 0.0, -149.20390130579472, -487.6904372149147, 0.0, -155.88307075202465, -485.47931915614754, 0.0, -204.50742433033884, -471.72124395752326, 0.0, -194.81149668432772, -462.45910412212834, 0.0, -77.69226041808724, -356.16520097851753, 0.0, -73.50664756447077, -352.13601714372635, 0.0, 106.24093421921134, -182.24597541848198, 0.0, 110.86069308780134, -177.909639114514, 0.0, 318.68305044807494, 17.067087675444782, 0.0, 330.17122189700603, 27.815940966829658, 0.0, 432.28459080308676, 124.55596530903131, 0.0, 543.5150260031223, 226.81238118791953, 0.0, 547.244228946045, 230.25206124270335, 0.0, 551.1292791739106, 236.0749499797821, 0.0, 554.2573568653315, 240.39912197412923, 0.0, 574.2614693623036, 258.32233672589064, 0.0, 578.4470822140574, 262.9413454872556, 0.0, 582.1762851569802, 269.21877721557394, 0.0, 585.9054880980402, 272.49876704486087, 0.0, 592.1839073766023, 274.88198107574135, 0.0, 596.6589509081095, 277.27748009422794, 0.0, 609.6499354839325, 296.9820095379837, 0.0, 672.5009199865162, 279.9678102149628, 0.0, 684.9687029533088, 291.3065127567388, 0.0, 688.8426212351769, 292.73152906401083, 0.0, 692.9503104444593, 293.554598888848, 0.0, 696.1563117783517, 293.4686065171845, 0.0, 699.7407993841916, 291.68733606720343, 0.0, 701.6888904720545, 290.5571507876739, 0.0, 703.7037732545286, 288.4687651670538, 0.0, 725.5001295525581, 266.2336185532622, 0.0, 726.9918107278645, 262.3516847155988, 0.0, 727.5818040315062, 258.16263697994873, 0.0, 730.1198884211481, 256.52878583269194, 0.0, 734.7507792375982, 254.88265026919544, 0.0, 775.3601294774562, 212.63599381316453, 0.0, 780.2915829215199, 207.5624719336629, 0.0, 867.621723446995, 117.76264556543902, 0.0, 871.8741279989481, 113.73333620419726, 0.0, 928.6804641503841, 166.94978929590434, 0.0]]}, "mtl": 0}, {"geom": {"lines": [[38.78021598607302, 1099.9580429610796, 0.0, 142.06354635581374, 1085.9828430823982, 0.0, 331.2176251132041, 1054.1885974300094, 0.0, 333.755709502846, 1053.439197548665, 0.0, 334.80211271718144, 1049.7044839435257, 0.0, 331.2176251132041, 863.3876761295833, 0.0, 327.18785954639316, 640.2061195727438, 0.0, 322.2564061023295, 594.5186197506264, 0.0, 325.2509004045278, 593.9166611446999, 0.0, 433.48684130609035, 569.13810019847, 0.0, 477.66954720020294, 548.2415863955393, 0.0, 483.64740385487676, 544.949251764454, 0.0, 618.9005851689726, 396.85636083735153, 0.0, 658.9088101610541, 354.3144744941965, 0.0, 663.3949856404215, 352.3734961138107, 0.0, 668.9164323825389, 352.8157443306409, 0.0, 737.2888636272401, 390.1366266561672, 0.0]]}, "mtl": 0}], "featureCount": 6, "startIndex": 0}